arch,version,run,source,status,info_ratio,ann_vol,mdd,sortino,var99,calmar,cagr,ulcer,es99,sharpe,ann_return,mdd_duration,es95,hit_rate,var95
ffn,fast1000,ffn_base_20250819_192356,(none),skipped_no_wealth,,,,,,,,,,,,,,,
ffn,fast1000,ffn_base_20250819_205124,(none),skipped_no_wealth,,,,,,,,,,,,,,,
ffn,fast1000,ffn_base_20250819_205148,(none),skipped_no_wealth,,,,,,,,,,,,,,,
ffn,fast1000,ffn_base_20250819_205909,mean_XT.csv,ok,-0.3482072750748908,0.2034339517857877,-0.06212575901259887,0.2794154485299124,-0.031383037684548434,0.17838972771767908,0.01108259723451166,0.03617572845501687,-0.03475488255927165,0.17040824527026863,0.0346668227522125,829.0,-0.026648434730069344,0.5025025025025025,-0.020380616592124923
ffn,fast1000,ffn_base_20250819_210944,mean_XT.csv,ok,-0.3482072750748908,0.2034339517857877,-0.06212575901259887,0.2794154485299124,-0.031383037684548434,0.17838972771767908,0.01108259723451166,0.03617572845501687,-0.03475488255927165,0.17040824527026863,0.0346668227522125,829.0,-0.026648434730069344,0.5025025025025025,-0.020380616592124923
ffn,fast1000,ffn_bo_20250819_205151,(none),skipped_no_wealth,,,,,,,,,,,,,,,
ffn,fast1000,ffn_bo_20250819_205910,mean_XT.csv,ok,-0.36856792160553214,0.21267298838807358,-0.06801772502871195,0.2027458443182026,-0.0314658576479368,0.029470299476811714,0.0020045027263275728,0.03804139179606863,-0.03641823493619141,0.1255249922335498,0.02669577521569876,866.0,-0.02895645288081865,0.4924924924924925,-0.021451366315208085
