arch,tune,run,T,ann_return,ann_vol,sharpe,sortino,max_dd,calmar,var_95,cvar_95
ffn,base,ffn_base_20250819_205909,1000,0.03527225296497427,0.2034339517857877,0.17338429822233076,0.2842952310142069,-0.062125759012595316,0.567755686619832,0.02038061659212492,0.026648434730069344
ffn,bo,ffn_bo_20250819_205910,1000,0.027053847383586405,0.21267298838807358,0.12720866711206447,0.2054652875041992,-0.0680177250287135,0.39774701920956185,0.021451366315208085,0.02895645288081865
lstm,base,lstm_base_20250819_205910,1000,0.028583902306744235,0.21296619830154045,0.1342180239620565,0.22265539517867036,-0.05919145218180688,0.4829059138293924,0.020647276775138865,0.027227692401833852
lstm,bo,lstm_bo_20250819_205909,1000,0.022067648600222034,0.18015158184466423,0.12249489221387949,0.20227910516294084,-0.049778983187898196,0.4433125625914134,0.018929175885884053,0.02304676034455011
transformer,base,transformer_base_20250820_010508,1000,0.0256869321135198,0.2072128687103982,0.12396398096983055,0.21217012549750905,-0.052528931486757524,0.4890054182806944,0.02031927906786635,0.02624469507709618
transformer,bo,transformer_bo_20250820_041922,1000,0.025919671285452583,0.20805995228701096,0.12457789690203025,0.21285316289206624,-0.056206999284173054,0.46114668307423995,0.02015839181886441,0.026410535804845533
