arch,version,run,source,status,info_ratio,ann_vol,mdd,sortino,var99,calmar,cagr,ulcer,es99,sharpe,ann_return,mdd_duration,es95,hit_rate,var95
lstm,fast1000,lstm_base_20250819_192355,(none),skipped_no_wealth,,,,,,,,,,,,,,,
lstm,fast1000,lstm_base_20250819_205151,(none),skipped_no_wealth,,,,,,,,,,,,,,,
lstm,fast1000,lstm_base_20250819_205910,mean_XT.csv,ok,-0.35935896265386214,0.21296619830154045,-0.05919145218180566,0.21954486004004894,-0.03264061267700607,0.0611980980786972,0.0036224042960426583,0.03042806546151253,-0.037245503809611856,0.13234297449633262,0.02818458015040168,805.0,-0.027227692401833852,0.5005005005005005,-0.020647276775138865
lstm,fast1000,lstm_base_20250819_213920,mean_XT.csv,ok,-0.35935896265386214,0.21296619830154045,-0.05919145218180566,0.21954486004004894,-0.03264061267700607,0.0611980980786972,0.0036224042960426583,0.03042806546151253,-0.037245503809611856,0.13234297449633262,0.02818458015040168,805.0,-0.027227692401833852,0.5005005005005005,-0.020647276775138865
lstm,fast1000,lstm_bo_20250819_205125,(none),skipped_no_wealth,,,,,,,,,,,,,,,
lstm,fast1000,lstm_bo_20250819_205148,(none),skipped_no_wealth,,,,,,,,,,,,,,,
lstm,fast1000,lstm_bo_20250819_205909,mean_XT.csv,ok,-0.4128984730360165,0.18015158184466423,-0.049778983187898085,0.20008815986792738,-0.026007767354316452,0.10316698974864334,0.005135547848243771,0.022313243097676436,-0.029528755018822538,0.12116811351598582,0.021828627319038684,398.0,-0.02304676034455011,0.5005005005005005,-0.018929175885884053
lstm,fast1000,lstm_bo_20250819_214227,mean_XT.csv,ok,-0.38022322505339,0.20771493636333874,-0.06853940090184807,0.17550244443133795,-0.029797734040050036,0.021291599611183834,0.0014593134815925612,0.036315129566078,-0.03693521278848797,0.10851010406665716,0.022539169360984955,803.0,-0.02747308768338419,0.4954954954954955,-0.021443137615380865
